Name,SSN,DateOfBirth,CreditCardNumber,CreditCardExpiry,CVV,PassportNumber,Email,PhoneNumber,Address
James Anderson,234-56-7890,1985-03-12,4532015112830366,2026-08,837,A12345678,james.anderson@email.com,555-234-5678,123 Maple St Atlanta GA 30301
Maria Garcia,345-67-8901,1990-07-22,5425233430109903,2025-11,292,B23456789,maria.garcia@email.com,555-345-6789,456 Oak Ave Boston MA 02101
Robert Johnson,456-78-9012,1978-11-05,374251018720955,2027-03,512,C34567890,robert.j@email.com,555-456-7890,789 Pine Rd Chicago IL 60601
Linda Martinez,123-45-6789,1995-01-30,4916338506082832,2026-05,174,D45678901,linda.m@email.com,555-567-8901,321 Elm Blvd Denver CO 80201
Michael Brown,234-56-7891,1982-09-17,5105105105105100,2025-08,831,E56789012,michael.b@email.com,555-678-9012,654 Birch Lane Miami FL 33101
Patricia Wilson,345-67-8902,1970-04-28,4485275742308327,2027-01,659,F67890123,patricia.w@email.com,555-789-0123,987 Cedar Dr Seattle WA 98101
David Taylor,456-78-9013,1988-12-03,4716709323540423,2026-09,344,G78901234,david.t@email.com,555-890-1234,147 Walnut Ave Phoenix AZ 85001
Jennifer Thomas,123-45-6790,1993-06-19,5425233430109904,2025-12,782,H89012345,jennifer.t@email.com,555-901-2345,258 Spruce St Houston TX 77001
Charles Jackson,567-89-0124,1975-08-25,4539578763621486,2027-06,193,I90123456,charles.j@email.com,555-012-3456,369 Hickory Rd Los Angeles CA 90001
Susan White,234-56-7892,1987-02-14,4716709323540424,2026-04,571,J01234567,susan.w@email.com,555-123-4568,741 Magnolia Blvd Philadelphia PA 19101
Joseph Harris,345-67-8903,1965-10-07,374251018720956,2025-10,426,K12345679,joseph.h@email.com,555-234-5679,852 Cypress Ave San Antonio TX 78201
Karen Martin,456-78-9014,1992-05-31,5105105105105118,2027-04,867,L23456780,karen.m@email.com,555-345-6780,963 Redwood St Dallas TX 75201
Thomas Robinson,123-45-6791,1980-03-22,4485275742308328,2026-02,234,M34567891,thomas.r@email.com,555-456-7891,174 Poplar Dr San Jose CA 95101
Jessica Clark,234-56-7893,1998-11-15,4916338506082833,2025-07,918,N45678902,jessica.c@email.com,555-567-8902,285 Chestnut Ave Austin TX 78701
Christopher Rodriguez,345-67-8904,1977-07-08,4532015112830367,2027-02,653,O56789013,chris.r@email.com,555-678-9013,396 Sycamore Rd Jacksonville FL 32201
Amanda Lewis,456-78-9015,1991-01-27,5425233430109905,2026-11,472,P67890124,amanda.l@email.com,555-789-0124,507 Peach Blvd Columbus OH 43201
Daniel Lee,123-45-6792,1983-09-04,4716709323540425,2026-07,839,Q78901235,daniel.l@email.com,555-890-1235,618 Apple Ave Fort Worth TX 76101
Melissa Walker,234-56-7894,1969-04-16,4539578763621487,2025-09,317,R89012346,melissa.w@email.com,555-901-2346,729 Pear St Memphis TN 38101
Andrew Hall,345-67-8905,1994-12-29,4485275742308329,2027-05,584,S90123457,andrew.h@email.com,555-012-3457,830 Plum Dr Baltimore MD 21201
Dorothy Allen,456-78-9016,1986-06-11,374251018720957,2026-08,261,T01234568,dorothy.a@email.com,555-123-4569,941 Grape Ave Boston MA 02201
Kevin Young,123-45-6793,1973-02-23,5105105105105126,2025-11,793,U12345680,kevin.y@email.com,555-234-5680,152 Berry Rd Charlotte NC 28201
Barbara Hernandez,234-56-7895,1989-08-06,4916338506082834,2027-03,548,V23456781,barbara.h@email.com,555-345-6781,263 Lemon Blvd Nashville TN 37201
George King,345-67-8906,1961-10-19,4532015112830368,2026-06,175,W34567892,george.k@email.com,555-456-7892,374 Lime St El Paso TX 79901
Sandra Wright,456-78-9017,1996-03-01,5425233430109906,2026-01,862,X45678903,sandra.w@email.com,555-567-8903,485 Orange Ave Washington DC 20001
Ronald Lopez,123-45-6794,1979-07-14,4716709323540426,2025-10,439,Y56789014,ronald.l@email.com,555-678-9014,596 Tangerine Dr Louisville KY 40201
Ashley Hill,234-56-7896,1997-11-27,4539578763621488,2027-01,716,Z67890125,ashley.h@email.com,555-789-0125,607 Mango Blvd Portland OR 97201
Frank Scott,345-67-8907,1984-05-09,4485275742308330,2026-03,283,A12345679,frank.s@email.com,555-890-1236,718 Avocado Ave Oklahoma City OK 73101
Sarah Green,456-78-9018,1990-01-22,374251018720958,2026-12,954,B23456780,sarah.g@email.com,555-901-2347,829 Coconut Rd Milwaukee WI 53201
Gregory Adams,123-45-6795,1968-09-04,5105105105105134,2025-08,621,C34567891,gregory.a@email.com,555-012-3458,930 Banana St Albuquerque NM 87101
Donna Baker,234-56-7897,1975-03-17,4916338506082835,2027-04,398,D45678902,donna.b@email.com,555-123-4570,141 Kiwi Ave Tucson AZ 85701
Jack Carter,345-67-8908,1993-07-30,4532015112830369,2026-10,865,E56789014,jack.c@email.com,555-234-5681,252 Mango Blvd Fresno CA 93701
Michelle Mitchell,456-78-9019,1981-11-12,5425233430109907,2026-05,542,F67890125,michelle.m@email.com,555-345-6782,363 Papaya Dr Sacramento CA 95801
Larry Perez,123-45-6796,1966-04-25,4716709323540427,2025-12,219,G78901236,larry.p@email.com,555-456-7893,474 Guava Ave Kansas City MO 64101
Betty Roberts,234-56-7898,1988-08-07,4539578763621489,2027-02,786,H89012347,betty.r@email.com,555-567-8904,585 Lychee Rd Mesa AZ 85201
Raymond Turner,345-67-8909,1976-12-20,4485275742308331,2026-09,453,I90123458,raymond.t@email.com,555-678-9015,696 Guanabana Blvd Raleigh NC 27601
Carol Phillips,456-78-9020,1999-04-02,374251018720959,2025-07,820,J01234569,carol.p@email.com,555-789-0126,707 Starfruit Ave Omaha NE 68101
Mark Campbell,123-45-6797,1985-08-15,5105105105105142,2027-06,597,K12345681,mark.c@email.com,555-890-1237,818 Fig St Cleveland OH 44101
Virginia Evans,234-56-7899,1972-12-28,4916338506082836,2026-02,274,L23456782,virginia.e@email.com,555-901-2348,929 Date Ave Arlington TX 76001
Arthur Edwards,345-67-8910,1991-05-10,4532015112830370,2026-07,841,M34567893,arthur.e@email.com,555-012-3459,130 Prune Rd Tulsa OK 74101
Ruth Collins,456-78-9021,1963-09-23,5425233430109908,2026-12,618,N45678904,ruth.c@email.com,555-123-4571,241 Raisin Blvd Tampa FL 33601
Terry Stewart,123-45-6798,1987-01-05,4716709323540428,2025-09,385,O56789015,terry.s@email.com,555-234-5682,352 Currant Ave Bakersfield CA 93301
Alice Sanchez,234-56-7900,1994-05-18,4539578763621490,2027-03,762,P67890126,alice.s@email.com,555-345-6783,463 Gooseberry St Honolulu HI 96801
Scott Morris,345-67-8911,1978-09-30,4485275742308332,2026-11,439,Q78901237,scott.m@email.com,555-456-7894,574 Mulberry Dr Anchorage AK 99501
Evelyn Rogers,456-78-9022,1982-01-13,374251018720960,2025-10,816,R89012348,evelyn.r@email.com,555-567-8905,685 Blackberry Ave Aurora CO 80011
Henry Reed,123-45-6799,1970-05-26,5105105105105159,2027-01,593,S90123459,henry.r@email.com,555-678-9016,796 Blueberry Rd Santa Ana CA 92701
Judith Cook,234-56-7901,1996-09-08,4916338506082837,2026-08,270,T01234570,judith.c@email.com,555-789-0127,807 Raspberry Blvd Corpus Christi TX 78401
Albert Morgan,345-67-8912,1988-01-21,4532015112830371,2026-03,847,U12345682,albert.m@email.com,555-890-1238,918 Strawberry Ave Riverside CA 92501
Diane Bell,456-78-9023,1975-05-03,5425233430109909,2025-12,524,V23456783,diane.b@email.com,555-901-2349,129 Cherry St Lexington KY 40501
Wayne Murphy,123-45-6800,1960-09-16,4716709323540429,2027-05,201,W34567894,wayne.m@email.com,555-012-3460,230 Peach Ave St Louis MO 63101
Rose Bailey,234-56-7902,1992-01-29,4539578763621491,2026-10,678,X45678905,rose.b@email.com,555-123-4572,341 Plum Dr Pittsburgh PA 15201
Russell Rivera,345-67-8913,1984-06-11,4485275742308333,2026-05,355,Y56789016,russell.r@email.com,555-234-5683,452 Nectarine Blvd Greensboro NC 27401
Frances Cooper,456-78-9024,1998-10-24,374251018720961,2025-08,832,Z67890127,frances.c@email.com,555-345-6784,563 Apricot Ave Plano TX 75024
Earl Richardson,123-45-6801,1967-02-06,5105105105105167,2027-04,609,A12345680,earl.r@email.com,555-456-7895,674 Persimmon Rd Lincoln NE 68501
Nicole Cox,234-56-7903,1979-06-19,4916338506082838,2026-01,286,B23456784,nicole.c@email.com,555-567-8906,785 Quince St Chandler AZ 85225
Leonard Howard,345-67-8914,1986-10-02,4532015112830372,2026-06,863,C34567892,leonard.h@email.com,555-678-9017,896 Pomegranate Ave Tampa FL 33602
Catherine Ward,456-78-9025,1971-02-14,5425233430109910,2025-11,540,D45678906,catherine.w@email.com,555-789-0128,907 Tamarind Blvd Anaheim CA 92801
Willie Torres,123-45-6802,1990-06-27,4716709323540430,2025-10,217,E56789017,willie.t@email.com,555-890-1239,118 Jackfruit Dr Henderson NV 89002
Martha Peterson,234-56-7904,1977-11-09,4539578763621492,2027-06,794,F67890128,martha.p@email.com,555-901-2350,229 Longan Ave Laredo TX 78041
Philip Gray,345-67-8915,1995-03-22,4485275742308334,2026-04,371,G78901239,philip.g@email.com,555-012-3461,330 Rambutan St Stockton CA 95202
Amy James,456-78-9026,1983-07-05,374251018720962,2025-07,848,H89012349,amy.j@email.com,555-123-4573,441 Mangosteen Blvd Madison WI 53701
Raymond Watson,123-45-6803,1974-11-17,5105105105105175,2027-03,625,I90123460,raymond.w@email.com,555-234-5684,552 Durian Ave Lubbock TX 79401
Theresa Brooks,234-56-7905,1989-03-30,4916338506082839,2026-10,302,J01234571,theresa.b@email.com,555-345-6785,663 Dragon Fruit Dr Durham NC 27701
Harry Kelly,345-67-8916,1962-08-12,4532015112830373,2026-05,879,K12345683,harry.k@email.com,555-456-7896,774 Passion Fruit Ave Garland TX 75040
Christine Sanders,456-78-9027,1997-12-25,5425233430109911,2026-12,556,L23456785,christine.s@email.com,555-567-8907,885 Star Apple Rd Glendale AZ 85301
Jesse Price,123-45-6804,1980-04-07,4716709323540431,2025-09,233,M34567895,jesse.p@email.com,555-678-9018,996 Breadfruit Blvd Norfolk VA 23501
Kathleen Bennett,234-56-7906,1971-08-20,4539578763621493,2027-01,710,N45678907,kathleen.b@email.com,555-789-0129,107 Soursop Ave Hialeah FL 33010
Jerry Wood,345-67-8917,1993-12-03,4485275742308335,2026-09,487,O56789018,jerry.w@email.com,555-890-1240,218 Jackberry St Irving TX 75061
Janet Barnes,456-78-9028,1968-04-16,374251018720963,2026-04,864,P67890129,janet.b@email.com,555-901-2351,329 Huckleberry Blvd Chesapeake VA 23320
Bryan Ross,123-45-6805,1985-08-28,5105105105105183,2025-10,641,Q78901240,bryan.r@email.com,555-012-3462,430 Cloudberry Dr Winston-Salem NC 27101
Deborah Henderson,234-56-7907,1978-01-10,4916338506082840,2027-02,318,R89012350,deborah.h@email.com,555-123-4574,541 Lingonberry Ave Fremont CA 94536
Gerald Coleman,345-67-8918,1996-05-23,4532015112830374,2026-07,895,S90123461,gerald.c@email.com,555-234-5685,652 Boysenberry Rd Scottsdale AZ 85251
Shirley Jenkins,456-78-9029,1963-09-05,5425233430109912,2026-02,572,T01234572,shirley.j@email.com,555-345-6786,763 Elderberry Blvd Augusta GA 30901
Dennis Perry,123-45-6806,1988-01-18,4716709323540432,2025-12,249,U12345684,dennis.p@email.com,555-456-7897,874 Mulberry Ave Detroit MI 48201
Barbara Powell,234-56-7908,1976-05-31,4539578763621494,2027-04,826,V23456786,barbara.p@email.com,555-567-8908,985 Loganberry St Baton Rouge LA 70801
Carl Long,345-67-8919,1994-10-13,4485275742308336,2026-11,503,W34567896,carl.l@email.com,555-678-9019,196 Acai Blvd Mobile AL 36601
Martha Patterson,456-78-9030,1982-02-25,374251018720964,2025-09,880,X45678908,martha.pt@email.com,555-789-0130,207 Camu Camu Ave Richmond VA 23218
Donald Hughes,123-45-6807,1973-07-08,5105105105105191,2027-06,657,Y56789019,donald.h@email.com,555-890-1241,318 Capuacu Dr Des Moines IA 50301
Betty Flores,234-56-7909,1991-11-20,4916338506082841,2026-04,334,Z67890129,betty.f@email.com,555-901-2352,429 Bacuri Ave Spokane WA 99201
Victor Washington,345-67-8920,1985-04-03,4532015112830375,2026-09,811,A12345681,victor.w@email.com,555-012-3463,530 Tucuma Blvd Akron OH 44301
Mary Butler,456-78-9031,1969-08-16,5425233430109913,2025-07,588,B23456787,mary.b@email.com,555-123-4575,641 Murici Ave Little Rock AR 72201
Peter Simmons,123-45-6808,1987-12-29,4716709323540433,2027-02,265,C34567893,peter.s@email.com,555-234-5686,752 Pitanga St Columbus GA 31901
Rachel Foster,234-56-7910,1994-04-11,4539578763621495,2026-07,842,D45678909,rachel.f@email.com,555-345-6787,863 Cupuacu Blvd Salt Lake City UT 84101
Roger Gonzales,345-67-8921,1966-08-24,4485275742308337,2026-12,519,E56789020,roger.g@email.com,555-456-7898,974 Abiu Ave Fort Wayne IN 46801
Beverly Bryant,456-78-9032,1979-01-06,374251018720965,2025-10,896,F67890130,beverly.b@email.com,555-567-8909,185 Bacupari Dr Jackson MS 39201
Peter Alexander,123-45-6809,1997-05-19,5105105105105209,2027-05,673,G78901241,peter.a@email.com,555-678-9020,296 Jatoba Blvd Chattanooga TN 37401
Angela Russell,234-56-7911,1983-09-01,4916338506082842,2026-03,350,H89012351,angela.r@email.com,555-789-0131,307 Inga Ave Huntsville AL 35801
Roy Griffin,345-67-8922,1972-01-14,4532015112830376,2026-08,827,I90123462,roy.g@email.com,555-890-1242,418 Uxi Dr Fayetteville NC 28301
Gloria Diaz,456-78-9033,1990-05-27,5425233430109914,2025-11,604,J01234573,gloria.d@email.com,555-901-2353,529 Abiara Blvd Shreveport LA 71101
Richard Hayes,123-45-6810,1964-10-09,4716709323540434,2027-04,281,K12345685,richard.h@email.com,555-012-3464,630 Sapodilla Ave Montgomery AL 36101
Judith Myers,234-56-7912,1986-02-22,4539578763621496,2026-10,758,L23456788,judith.my@email.com,555-123-4576,741 Canistel St Knoxville TN 37901
Carl Long Jr,456-78-9034,1993-06-05,4485275742308338,2026-05,435,M34567897,carl.lj@email.com,555-345-6788,852 Mamey Ave Worcester MA 01601
Shirley Ramirez,234-56-7913,1981-10-18,374251018720966,2025-08,812,N45678910,shirley.r@email.com,555-456-7899,963 Sapote Blvd Providence RI 02901
William Torres,123-45-6811,1960-02-01,5105105105105217,2027-01,589,O56789021,william.t@email.com,555-567-8910,174 Canistelou Dr Augusta ME 04330
